malK	malT	malZ	malP	lamB	malQ	malM	malF	malG	malE	malS	dgsA	ynfK	ptsI	crr	fruR	ptsH	manY	manX	manZ	nagC	pfkA	glk	yahA	fruB	pck	fruK	pykF	ppsA	glmU	fruA	eno	glmS	nagE	aroP	gapA	icd	epd	nagB	nagD	pgk	edd	fbaA	chbB	chbR	crp	chbF	chbA	chbG	chbC	nanM	nanC	nagA	mtlD	mtlR	mtlA	acnA	galP	acnB	ptsG	aceK	aceB	iclR	aceA	nanR	nanK	yhcH	nanT	nanA	nanE	fimB	nirB	nirD	nirC	cysG	galS	mglB	galR	galT	mglC	galM	galK	hupB	galE	hupA	mglA	seqA	pgm	tyrP	mtr	tyrR	aroF	mpl	glgC	cyaR	glgS	ilvN	glgP	glpE	ilvB
0.0158385	0.0103249	0.0229073	0.0942336	0.0409132	0.0445078	0.0112493	0.0051684	0.1681765	0.0037069	0.0406544	0.1168912	0.4423954	0.3223238	0.4301935	0.0000000	0.5046559	0.7616334	0.1659552	0.4146115	0.0328366	0.7041836	0.7210662	0.6481572	0.7281390	0.0318839	0.7762283	0.7219686	0.0301590	0.5862882	0.6261686	0.8108208	0.6975104	0.8422027	0.0658802	0.2747859	0.0693026	0.2473182	0.8352365	0.4481321	0.3401437	0.8313207	0.6063507	0.0394756	0.0202652	0.0000000	0.3717980	0.3788091	0.4136926	0.3493596	0.6828568	0.7907486	0.7196007	0.6901495	0.4329349	0.5223535	0.0003649	0.6883192	0.4194664	0.3738632	0.0003423	0.6394441	0.6775941	0.3833370	0.6787912	0.0460016	0.1803755	0.0589127	0.0010697	0.2871577	0.4997395	0.7070927	0.7673596	0.6695687	0.6469984	0.0367529	0.2662721	0.7471034	0.3708941	0.6420918	0.6729226	0.1729158	0.0040278	0.7583338	0.0063284	0.6659812	0.7755854	0.6439263	0.7741265	0.6396939	0.6838220	0.1048672	0.0591922	0.0051316	0.0256493	0.0004761	0.0930576	0.0238121	0.0387750	0.0763714
0.0042935	0.0122116	0.0437125	0.1038466	0.0539845	0.0197623	0.0119413	0.0155701	0.1638697	0.0094385	0.0538973	0.0450156	0.3723887	0.2773015	0.2976768	0.7301452	0.5878074	0.7381385	0.2070770	0.0565392	0.0000000	0.2527077	0.1260504	0.0566638	0.0379200	0.5332270	0.2360178	0.3385420	0.6794862	0.6719269	0.4021015	0.1217396	0.6129699	0.5924332	0.4475945	0.0001942	0.6425517	0.0062027	0.7048846	0.4645406	0.0010661	0.1093668	0.0195868	0.0326114	0.0410555	0.0000000	0.3621799	0.3605335	0.3451228	0.2702814	0.7075066	0.7676367	0.6449447	0.6468396	0.2001522	0.2449599	0.0006854	0.7733121	0.0251567	0.2748889	0.4152687	0.6845732	0.7765736	0.4519352	0.5965701	0.0421145	0.1545634	0.0507644	0.0012380	0.2669013	0.3150870	0.1820834	0.6672949	0.1335181	0.2993833	0.0267438	0.2842970	0.6817718	0.4507115	0.6269190	0.6615841	0.1314949	0.0088057	0.7290008	0.0241636	0.7710670	0.7887936	0.6849738	0.7579256	0.7574929	0.7025473	0.1198558	0.0253537	0.0170187	0.0079041	0.0005775	0.0872941	0.0822629	0.0467659	0.0799460
0.0063471	0.0048675	0.0456919	0.0687610	0.0843060	0.0139825	0.0090399	0.0015941	0.1624607	0.0082556	0.0390378	0.0000000	0.2989386	0.3622276	0.3358099	0.7429772	0.6479236	0.6008900	0.2763357	0.0478600	0.0383995	0.2518589	0.1407607	0.0552618	0.0661945	0.5170541	0.2813730	0.2958395	0.6011926	0.6112178	0.4380338	0.1980028	0.7205429	0.6800969	0.3715118	0.0002575	0.6569471	0.0219226	0.7375045	0.3603209	0.0050912	0.1482132	0.0205240	0.0442189	0.0707375	0.0000000	0.3993963	0.3347461	0.3515750	0.2538196	0.7867963	0.7004010	0.6603519	0.5727079	0.2264336	0.2141176	0.0000662	0.5904385	0.0372512	0.3936121	0.5404802	0.6904013	0.7523719	0.3470264	0.7349223	0.0664736	0.2011233	0.0351925	0.0011947	0.2293052	0.5333264	0.2539527	0.7885293	0.1617589	0.3620430	0.0263468	0.2689129	0.6136416	0.3987935	0.7633022	0.7259423	0.1362390	0.0190173	0.7286553	0.0052545	0.6479044	0.6115009	0.7973150	0.6871423	0.6743831	0.6032168	0.1113815	0.0625512	0.0054201	0.0137469	0.0003686	0.0692738	0.0641615	0.0978019	0.1071585
0.0186525	0.0199615	0.0147459	0.0598016	0.0320674	0.0393532	0.0027163	0.0141747	0.1266476	0.0218512	0.0500100	0.0541530	0.2893472	0.3004262	0.3916199	0.7013770	0.5354792	0.8609514	0.1149809	0.0351464	0.0695571	0.1353886	0.1714979	0.0261686	0.0501223	0.4201934	0.2140136	0.2713787	0.6709592	0.5933027	0.4044723	0.1733431	0.7115077	0.6637678	0.4165114	0.0003678	0.5622658	0.0080220	0.6040655	0.4483343	0.0034963	0.1735052	0.0091292	0.0323492	0.0363145	0.0000000	0.4018441	0.3451257	0.4649745	0.2836998	0.7006406	0.7573127	0.6282943	0.6822436	0.1984693	0.1717740	0.0020489	0.6481152	0.0108564	0.3701468	0.4414390	0.7885306	0.7810279	0.3799295	0.7264184	0.0717967	0.2226930	0.0671470	0.0002819	0.2202083	0.5889347	0.3016486	0.7652703	0.1222745	0.3102188	0.0211974	0.7630434	0.0000000	0.4081351	0.9215245	0.7321929	0.3562492	0.0009699	0.7881149	0.0082088	0.6049141	0.7425269	0.7588177	0.6097416	0.8965960	0.7757764	0.1382425	0.0492714	0.0021212	0.0112713	0.0010213	0.0695472	0.0311993	0.0366843	0.0488571
0.0268083	0.0368652	0.0550351	0.1120782	0.0156769	0.0285894	0.0063042	0.0078313	0.1073893	0.0070109	0.0818035	0.0505711	0.3298078	0.3268699	0.3323902	0.6980302	0.6750795	0.7953875	0.1153328	0.0108928	0.0593853	0.1728677	0.1488273	0.0146031	0.0482195	0.4280318	0.1494772	0.2764089	0.8070579	0.6965884	0.4412673	0.1529464	0.6283743	0.7090343	0.4989994	0.0013668	0.6485574	0.0044116	0.7310435	0.4206861	0.0010068	0.1320180	0.0341908	0.0717334	0.0527649	0.0000000	0.4467057	0.3399585	0.3412247	0.2623033	0.7222107	0.6914417	0.7153693	0.5320264	0.2283359	0.2542741	0.0003459	0.7791507	0.0158367	0.3134178	0.5226800	0.8670364	0.6962996	0.4129285	0.6223008	0.0641819	0.1572154	0.1147538	0.0008471	0.3228349	0.5320943	0.2530568	0.7332008	0.1183262	0.3049964	0.0000000	0.3288585	0.6194808	0.4822795	0.7202163	0.7644928	0.1300414	0.0077373	0.7055201	0.0043958	0.6595290	0.7464913	0.7426208	0.7700025	0.7079677	0.6646435	0.1560334	0.0536726	0.0123191	0.0343137	0.0007708	0.0885852	0.0509451	0.0431811	0.0616633
0.5753610	0.6297972	0.3221304	0.6940282	0.4278719	0.4560483	0.3318412	0.6541213	0.6142200	0.4400075	0.5292295	0.3921403	0.3479232	0.1037678	0.6309247	0.7359277	0.4038878	0.7753035	0.0798256	0.2241063	0.4550965	0.1311588	0.1164871	0.0827866	0.0512720	0.5060707	0.1944778	0.2831803	0.7039102	0.0307148	0.3945003	0.1172759	0.2444071	0.5355515	0.4992297	0.2021351	0.6335192	0.1743883	0.0574439	0.4309733	0.3448686	0.1044176	0.5320222	0.0462118	0.0585686	0.7627064	0.7040399	0.6663017	0.6422566	0.2831199	0.6961480	0.5504689	0.0830388	0.5019859	0.3761961	0.1723805	0.7542929	0.6780597	0.4397868	0.2338879	0.1570872	0.7052210	0.6446278	0.2792145	0.7288452	0.2031514	0.7405072	0.2673600	0.1645533	0.7375546	0.5908439	0.0476574	0.0920595	0.0425692	0.0451108	0.0000000	0.8610647	0.0000000	0.3752352	0.6351669	0.4127094	0.2622075	0.4584317	0.6717861	0.6596743	0.8257255	0.0333125	0.0001773	0.0365708	0.5081092	0.7189922	0.1137329	0.5807028	0.5494486	0.5710017	0.7122354	0.4654195	0.3612349	0.7084401	0.6026981
0.5887480	0.5088807	0.2425639	0.7192887	0.3632454	0.4353336	0.2327754	0.7916911	0.6585930	0.5082793	0.5459156	0.4740540	0.4313101	0.1007420	0.4780604	0.7964806	0.3227013	0.7504028	0.0889303	0.1655286	0.4290430	0.2004810	0.1306507	0.0312632	0.0668213	0.4779932	0.1856699	0.2880610	0.6355708	0.0398830	0.3881630	0.1273874	0.2448691	0.4677802	0.4344645	0.2426000	0.8511931	0.1365410	0.0204813	0.6080346	0.2451189	0.1308014	0.4751962	0.0355836	0.0515365	0.6856409	0.7672141	0.6498316	0.7143451	0.4174336	0.6719949	0.5974127	0.1336634	0.6338122	0.5150299	0.1798270	0.6731192	0.7451590	0.4286224	0.2024173	0.1422143	0.6700759	0.7237225	0.3125364	0.7026042	0.1977180	0.6106195	0.3542702	0.1400004	0.6177398	0.5151551	0.0455392	0.1584777	0.0731404	0.0472316	0.0365261	0.5689883	0.5574410	0.4047636	0.7347340	0.7185596	0.5188030	0.0000000	0.5717091	0.0000000	0.7024960	0.7303853	0.7321434	0.6424639	0.6912069	0.6493404	0.1295356	0.7420539	0.6149585	0.6672776	0.5705289	0.4665462	0.4126693	0.8400539	0.6359526
0.0073166	0.0000000	0.0219294	0.0613614	0.0333550	0.0128625	0.0122127	0.0070377	0.0869633	0.0086433	0.0529039	0.0622400	0.3318222	0.3564451	0.3555103	0.6796816	0.6622358	0.6897013	0.1453885	0.0297448	0.0730850	0.1852460	0.1261993	0.0421450	0.0508242	0.5031546	0.3208529	0.2500936	0.5709366	0.7806808	0.3952654	0.2581123	0.6292064	0.8407760	0.3239332	0.0106147	0.6307922	0.0185573	0.7223333	0.4003689	0.0007360	0.1232700	0.0440406	0.0337195	0.0453822	0.0000000	0.3477354	0.4414824	0.3826955	0.3173522	0.7717339	0.6884701	0.6168983	0.5709944	0.2309035	0.2252391	0.0002453	0.6861391	0.0540643	0.3855903	0.3808826	0.6107626	0.6324723	0.3670716	0.7821209	0.0506114	0.1948811	0.0482392	0.0054805	0.3578543	0.4890939	0.2718120	0.6684735	0.1885657	0.2457750	0.0209348	0.2577862	0.6506178	0.4700154	0.6679847	0.5922394	0.1342201	0.0014926	0.5985676	0.0207054	0.6652504	0.6852115	0.6519308	0.7658098	0.6927736	0.7062400	0.1196177	0.1354723	0.0009117	0.0212208	0.0000510	0.0565646	0.0778158	0.0796268	0.0782221
0.0050756	0.0194482	0.0237638	0.1374857	0.0363109	0.0181713	0.0153379	0.0279825	0.1793260	0.0101801	0.0762092	0.0549445	0.4245896	0.4051134	0.3151345	0.7160514	0.5618556	0.5530032	0.0906806	0.0409817	0.0340260	0.2435546	0.1291453	0.0717576	0.0710964	0.5239575	0.2587395	0.3309378	0.7338169	0.6390337	0.3612200	0.2330014	0.6298656	0.6539079	0.4282359	0.0034181	0.7569506	0.0122345	0.6941348	0.4893853	0.0096067	0.0978403	0.0174090	0.0594326	0.0388999	0.0000000	0.3322703	0.4406033	0.3728172	0.2604050	0.7748163	0.6216729	0.8754179	0.5910419	0.2803623	0.2171983	0.0005555	0.7658194	0.0124652	0.2863820	0.4060324	0.8364813	0.6708124	0.4582684	0.0000000	0.0824989	0.6723928	0.3891424	0.2814137	0.7493912	0.4324236	0.2825612	0.7369142	0.1270055	0.2570689	0.0376337	0.3545017	0.7717632	0.2984982	0.7646182	0.7292271	0.1487023	0.0037031	0.7347300	0.0121929	0.6469848	0.6716005	0.6873362	0.6825581	0.8111273	0.6576656	0.1809280	0.0545978	0.0167445	0.0172268	0.0006704	0.0502653	0.0622396	0.0379528	0.1056710
0.6282379	0.9084969	0.3494381	0.7471952	0.4119397	0.5253384	0.4025801	0.6279655	0.6196484	0.4656991	0.6138971	0.0000000	0.6240829	0.6774564	0.8139994	0.0000000	0.2021693	0.8241634	0.7226611	0.7411462	0.4811349	0.5481265	0.7054046	0.8129571	0.6565464	0.0348463	0.8179069	0.7319213	0.0627271	0.0622067	0.6535983	0.6383509	0.2834895	0.6995339	0.0488976	0.4787033	0.1019427	0.6978277	0.0673575	0.5859642	0.7340015	0.7510336	0.7342099	0.0338706	0.0296749	0.7800644	0.7360278	0.6246250	0.7506032	0.3026463	0.6555581	0.5781184	0.1433957	0.6057923	0.6033013	0.6775520	0.0018358	0.6001589	0.6245718	0.5623834	0.0009990	0.3580444	0.6678718	0.0800246	0.7340399	0.2278266	0.8055980	0.4718679	0.1415417	0.8050899	0.4416632	0.2343024	0.6936464	0.3983701	0.3687693	0.0126520	0.6919242	0.6886287	0.2762278	0.6351008	0.4293594	0.0731148	0.4475550	0.5192943	0.6797844	0.8404033	0.0608757	0.0025222	0.0648159	0.5106625	0.6714874	0.1214094	0.7476825	0.5533174	0.5718123	0.6955041	0.5988847	0.4611356	0.7075793	0.7521013
0.7493436	0.3915776	0.3494765	0.6609587	0.4358606	0.3943914	0.2221119	0.6240045	0.6087862	0.4974404	0.6257006	0.4051069	0.4529099	0.0691928	0.6171955	0.7654269	0.2561454	0.6616100	0.3106874	0.2978568	0.0000000	0.1309000	0.1314160	0.0302198	0.0591202	0.4247142	0.2032445	0.2994270	0.6618643	0.7267097	0.3793005	0.1518050	0.8170901	0.8249008	0.4494468	0.1886980	0.6010498	0.0939629	0.7655575	0.6924680	0.2795948	0.1000970	0.7204898	0.0447422	0.0000000	0.7065788	0.5720835	0.7756680	0.6616086	0.5788535	0.7535540	0.7213794	0.1741830	0.6292694	0.4768357	0.1395302	0.7981958	0.6658978	0.4253337	0.2440422	0.1633814	0.6603964	0.6356729	0.2760786	0.6818112	0.2302706	0.8242472	0.3330578	0.1373440	0.8038550	0.3084685	0.0229165	0.1281582	0.1046126	0.0760023	0.0299927	0.7699315	0.7758105	0.1943543	0.6707141	0.3882146	0.0835101	0.4890224	0.6325392	0.6526074	0.7282058	0.0386497	0.0029795	0.0589020	0.6704939	0.7219394	0.1242893	0.7702586	0.5137564	0.7434971	0.7441551	0.4890465	0.3097286	0.6500514	0.6556767
0.0058467	0.0078422	0.0189330	0.0874555	0.0151149	0.0182815	0.0120448	0.0085964	0.1119551	0.0026654	0.0389331	0.0959300	0.3182883	0.3524775	0.3925318	0.8037622	0.6855729	0.6545081	0.1318093	0.0488055	0.0502956	0.2384934	0.1621457	0.0355991	0.0570697	0.6261752	0.1985651	0.2749060	0.8463997	0.5799297	0.4112652	0.2070589	0.7871768	0.7157762	0.4707522	0.0060619	0.7015922	0.0172517	0.6404413	0.4299921	0.0008881	0.0801655	0.0400360	0.0581470	0.0000000	0.0000000	0.4014565	0.4085368	0.3915358	0.2828860	0.7725935	0.8265908	0.7090814	0.6385513	0.1935746	0.1554490	0.0000909	0.6956423	0.0375183	0.3591152	0.4056446	0.6458527	0.6788890	0.4105989	0.7052632	0.0520957	0.1744360	0.0724655	0.0014118	0.3535912	0.6169390	0.2488038	0.7036905	0.1664801	0.3307425	0.0221149	0.3361895	0.7683405	0.4162206	0.5638636	0.6360258	0.1389541	0.0029786	0.8287929	0.0295487	0.6474078	0.7240620	0.5798706	0.6903847	0.7022657	0.7139701	0.1026506	0.0417717	0.0035715	0.0158572	0.0005264	0.0524324	0.0584482	0.0342984	0.0716130
0.0069382	0.0119898	0.0111561	0.0734948	0.0603286	0.0156482	0.0125205	0.0053474	0.1058856	0.0121072	0.0903370	0.0449443	0.3481964	0.2772550	0.3405759	0.6494219	0.6777478	0.7267084	0.0647175	0.0554749	0.0454584	0.1512551	0.0760826	0.0412869	0.0404496	0.4722289	0.1933343	0.2568273	0.7057876	0.6890456	0.4177843	0.1465745	0.7399822	0.7356181	0.4412327	0.0002224	0.7346924	0.0190999	0.6191407	0.4927249	0.0102757	0.1081183	0.0201309	0.0262329	0.0454214	0.0000000	0.3675986	0.3824990	0.4111311	0.3841119	0.7359587	0.6526197	0.7454360	0.5255134	0.1746040	0.2131610	0.0035522	0.6728530	0.0131817	0.3227202	0.4820751	0.7384523	0.7092379	0.4586157	0.8156000	0.0635771	0.1857113	0.0593570	0.0043748	0.2797546	0.5822587	0.2272970	0.8076876	0.1312656	0.2200276	0.0293341	0.3477923	0.7342659	0.4254673	0.7909029	0.7635191	0.3520856	0.0000000	0.6764467	0.0169738	0.7412101	0.6861669	0.6378385	0.8384643	0.8239981	0.7654203	0.0935187	0.0513734	0.0083985	0.0147002	0.0094664	0.0508543	0.0580889	0.0824932	0.0647650
0.0148442	0.0041832	0.0134039	0.1006000	0.0456459	0.0038770	0.0124066	0.0027984	0.1422983	0.0118321	0.0350251	0.0800541	0.3668624	0.3755941	0.3516768	0.6436451	0.6871595	0.8062227	0.0530703	0.0145946	0.0538310	0.1977046	0.1233908	0.0831068	0.0858286	0.6010140	0.2173097	0.3191711	0.6294962	0.6866800	0.5091176	0.2012425	0.7100930	0.8430225	0.4564732	0.0003274	0.7062737	0.0164207	0.6409850	0.4145091	0.0002466	0.0884924	0.0076536	0.0486652	0.0481472	0.0000000	0.3690271	0.3453818	0.3715424	0.3450043	0.7335766	0.7154998	0.7469922	0.5837955	0.1777427	0.2750929	0.0005825	0.8941579	0.0148337	0.4058336	0.4400677	0.8493261	0.6733240	0.4317457	0.6889038	0.0379340	0.2517794	0.1170817	0.0001606	0.3276157	0.5190571	0.2789813	0.8049477	0.1121714	0.2992285	0.0203044	0.2563958	0.6567181	0.4827907	0.7398306	0.7357240	0.2442230	0.0213337	0.5805411	0.0000000	0.6901666	0.8233171	0.6792432	0.6780788	0.7025028	0.7226653	0.1675751	0.0814232	0.0020237	0.0148450	0.0040050	0.1123546	0.0432473	0.0944219	0.1031215
0.5297935	0.5315544	0.3012861	0.6604251	0.5587266	0.3549782	0.2165848	0.6746123	0.6047748	0.3802141	0.5918682	0.4634602	0.4811206	0.1268081	0.4932225	0.8388693	0.3717406	0.7087669	0.0838031	0.1274993	0.4631139	0.1965396	0.1199370	0.0777191	0.0681901	0.4967783	0.2309641	0.2315268	0.6613573	0.0465008	0.4149701	0.1722688	0.1784533	0.5954586	0.3316343	0.1689523	0.8378927	0.0480103	0.0658187	0.6862077	0.3234896	0.1736590	0.6349086	0.0478053	0.0316459	0.6696315	0.6899019	0.5969902	0.7362810	0.3524261	0.8361223	0.5936608	0.1174620	0.6863551	0.4767205	0.2303440	0.7404415	0.5792903	0.4071200	0.2145356	0.0958595	0.6905432	0.8050154	0.3267519	0.7288247	0.1796924	0.7484702	0.3455673	0.1005387	0.5975059	0.5134869	0.0620608	0.1131539	0.0682885	0.0532932	0.0000000	0.6039795	0.6665858	0.5048270	0.6708703	0.5834348	0.2227883	0.0000000	0.6443058	0.6849920	0.7411684	0.5733551	0.7617209	0.7181018	0.6593896	0.7289244	0.1075137	0.6173461	0.4858571	0.5799705	0.6814389	0.4994530	0.3090758	0.8206874	0.6314494
0.6451382	0.5292548	0.3374412	0.7854794	0.4562776	0.4023230	0.3185699	0.6780210	0.6204042	0.4787887	0.6557731	0.5791644	0.4579555	0.1261099	0.4176969	0.6662489	0.3649598	0.7950487	0.0493772	0.1944622	0.4858271	0.1525244	0.1098401	0.0296507	0.0537457	0.4785384	0.2464968	0.3201668	0.6565594	0.0362721	0.3883270	0.1014805	0.2115537	0.5117335	0.5261536	0.1969119	0.7268310	0.0790567	0.0299382	0.5649140	0.2705936	0.0990897	0.6887603	0.0739545	0.0216909	0.5956865	0.6424441	0.6327115	0.7816246	0.4234061	0.7410518	0.6376200	0.0925845	0.5439319	0.4096321	0.2762784	0.7264044	0.5130295	0.4016916	0.2490675	0.1464055	0.7385012	0.7813017	0.3095492	0.6457966	0.1988740	0.7575862	0.3395339	0.1646032	0.5774534	0.6478705	0.0366322	0.1051771	0.0535694	0.0476377	0.0000000	0.6986345	0.5597930	0.4504663	0.7072791	0.4821584	0.2531345	0.5308648	0.6209405	0.0000000	0.7949687	0.7076626	0.7144044	0.6656892	0.5363100	0.7564327	0.1759153	0.6441366	0.5616949	0.5858823	0.6467303	0.4558059	0.3872367	0.6786977	0.6124949
0.8281453	0.5404128	0.2483724	0.5527022	0.4926205	0.3214331	0.2037102	0.6357618	0.6810878	0.3562165	0.6091058	0.5491689	0.4180938	0.0589744	0.5480037	0.7893794	0.2980539	0.8157028	0.0566326	0.1179344	0.5699259	0.2081707	0.1227708	0.0225300	0.0628046	0.5493637	0.1510044	0.3588123	0.5478097	0.0430155	0.4369807	0.1347240	0.2054365	0.4520606	0.4261468	0.2258441	0.5713433	0.1714362	0.0189332	0.5120470	0.3535523	0.2539400	0.5551008	0.0219611	0.0419882	0.7968800	0.8287583	0.5980432	0.7136795	0.3257255	0.7216062	0.6208856	0.0916052	0.5878655	0.5381109	0.2356638	0.7626394	0.6714013	0.4273226	0.2532724	0.1552223	0.6890065	0.7580575	0.3403026	0.6929580	0.1920931	0.7233965	0.3672090	0.1306669	0.5934604	0.6438470	0.0204898	0.1141338	0.0564885	0.0335417	0.3881968	0.4679108	0.0000000	0.6166574	0.6799276	0.7178533	0.3560040	0.0000000	0.7126050	0.7268617	0.7340570	0.6634787	0.6211990	0.6126249	0.6205349	0.7178855	0.1661791	0.5821199	0.6386390	0.6774564	0.6860822	0.6113031	0.3950376	0.6651546	0.7060209
0.7926488	0.6575741	0.3285712	0.7412815	0.5094205	0.3890527	0.4517316	0.6892596	0.6887868	0.4695750	0.7253564	0.4171783	0.4912691	0.1652952	0.5726688	0.7220652	0.3340672	0.6617336	0.1116835	0.1886345	0.3846542	0.1471277	0.1194021	0.0283522	0.0462818	0.5889349	0.1373897	0.2682018	0.6650907	0.0759775	0.3712763	0.1345018	0.2205549	0.5365994	0.4668682	0.2423403	0.7363558	0.1161933	0.0290847	0.7183542	0.2626759	0.0981626	0.5365470	0.0486757	0.0473544	0.6830710	0.8280600	0.6340740	0.6080445	0.2832765	0.7488975	0.7017756	0.1541736	0.6396688	0.3817406	0.1545880	0.7722771	0.6926611	0.4493209	0.2118725	0.1897011	0.6343474	0.6894309	0.3460784	0.6481584	0.1737795	0.6621601	0.2973114	0.1769407	0.6976483	0.6098749	0.0582578	0.1077890	0.0503765	0.0494658	0.3942632	0.5695544	0.0000000	0.5011785	0.7158842	0.4362162	0.5988653	0.4456726	0.7052040	0.0000000	0.7622343	0.6739283	0.7980739	0.7489124	0.5734123	0.6933153	0.1070421	0.6460976	0.5397157	0.5269667	0.6727617	0.4020250	0.3596650	0.6445011	0.6265494
0.6010936	0.6359629	0.3780370	0.8400170	0.6174926	0.5033007	0.3783825	0.6984519	0.7062593	0.4934743	0.5929493	0.0000000	0.7371798	0.3774268	0.7173041	0.6281358	0.4389849	0.6601034	0.4524612	0.6362065	0.0000000	0.1812090	0.1224834	0.0604846	0.0804372	0.4623083	0.2520153	0.3287240	0.6117552	0.6970456	0.3770672	0.1902511	0.7106347	0.6517443	0.4479703	0.2054088	0.6091382	0.1020843	0.6906072	0.6807991	0.3575085	0.1084523	0.7582429	0.2106551	0.4453486	0.7612018	0.7401684	0.4202723	0.7895792	0.5755941	0.6635145	0.6265465	0.1353137	0.6981165	0.5010478	0.2181224	0.7322547	0.6665703	0.4043717	0.5837403	0.1541583	0.7549636	0.6457546	0.3268405	0.8418940	0.2281030	0.6968016	0.4877779	0.1655149	0.5442129	0.2500533	0.0464476	0.1521279	0.0804143	0.0598075	0.0158152	0.6924975	0.6066031	0.2022667	0.7017779	0.4448123	0.0656211	0.4928645	0.5482287	0.6679240	0.7823799	0.0493268	0.0035027	0.0683603	0.6626706	0.6770648	0.2350813	0.5282263	0.5525489	0.5859668	0.5756945	0.5167225	0.3525835	0.7963345	0.7572816
0.6041280	0.5490599	0.3474419	0.7549276	0.6090015	0.3741663	0.2902468	0.5679309	0.6766864	0.4029934	0.6177924	0.4920097	0.3955705	0.4346020	0.4683096	0.0000000	0.1513238	0.6518165	0.6619714	0.5837288	0.0000000	0.6198699	0.5845593	0.7742982	0.8141298	0.0543956	0.7348439	0.6941006	0.0834868	0.7092663	0.6374338	0.7751846	0.7335618	0.7408236	0.0233443	0.5144042	0.0852777	0.6906894	0.7379943	0.6737277	0.7305721	0.6882231	0.7482145	0.1844101	0.5267953	0.8216648	0.6853998	0.5924172	0.6326450	0.5363012	0.6182836	0.7227530	0.2104552	0.6282945	0.5844040	0.6256272	0.0001577	0.6456369	0.6814835	0.2258949	0.0003161	0.3535659	0.7729344	0.0823994	0.7457752	0.2634160	0.6163318	0.3850653	0.1451606	0.6691321	0.2639968	0.2544308	0.7549947	0.3855658	0.4636891	0.0264191	0.7244566	0.7222572	0.2753708	0.7407352	0.5244698	0.0707733	0.4454342	0.5942458	0.6123376	0.7245998	0.0618704	0.0018732	0.0911233	0.6091829	0.7990163	0.1684034	0.5919381	0.5289324	0.7325661	0.6251939	0.4493968	0.4348649	0.7892598	0.6900455
0.5833645	0.5699787	0.3786093	0.6177808	0.5068669	0.3450591	0.2302793	0.7211693	0.5520687	0.4153248	0.6156083	0.4435289	0.3767339	0.3830540	0.5654725	0.0000000	0.1554106	0.6819529	0.1514814	0.4164771	0.4093198	0.6855932	0.8624682	0.8869038	0.7524150	0.0363252	0.7913118	0.8012547	0.0552482	0.0215192	0.6324283	0.7071552	0.2591033	0.5337686	0.0315701	0.4854334	0.1149249	0.7061415	0.0300778	0.5229113	0.6723141	0.6805798	0.7661970	0.0500144	0.0262902	0.6690395	0.7555496	0.6576292	0.6899273	0.2656045	0.5988460	0.5832276	0.0865808	0.7006231	0.5505126	0.5442313	0.0016725	0.6272187	0.8140545	0.2285255	0.3935135	0.6724901	0.0000000	0.2363103	0.7004740	0.2382924	0.6248793	0.3338573	0.1302256	0.7952192	0.5873466	0.2458513	0.7443437	0.3970488	0.4865673	0.0094420	0.6746424	0.6652185	0.2281057	0.7437757	0.4220880	0.0898227	0.4945597	0.5107786	0.6431920	0.8404010	0.0534222	0.0033570	0.0745390	0.4882255	0.5882316	0.1096072	0.7349704	0.6072089	0.6435035	0.7631163	0.5119848	0.3538791	0.6489663	0.6536113
0.6300509	0.5096991	0.3192207	0.8756504	0.3782371	0.6054233	0.2735975	0.5739750	0.5614723	0.3934115	0.6076679	0.4649944	0.4696923	0.1219859	0.5993593	0.8014254	0.2732468	0.8272285	0.4137596	0.3709085	0.0000000	0.2080854	0.1423595	0.0512520	0.0902969	0.4643811	0.2231101	0.3596716	0.6038834	0.6054277	0.4428631	0.1584978	0.5616635	0.7364113	0.4164067	0.1759251	0.6715064	0.1066822	0.8007761	0.6423622	0.2616678	0.1309347	0.5923922	0.1669343	0.4641881	0.5399451	0.9065570	0.3626773	0.8208232	0.5734555	0.6031043	0.6665004	0.1945130	0.6247189	0.3713758	0.2568890	0.6502057	0.6769679	0.4275976	0.2093624	0.1500930	0.7494910	0.7098331	0.2298786	0.0000000	0.7358061	0.6803277	0.7362734	0.5139077	0.6930683	0.0102834	0.0793448	0.1057467	0.0600198	0.0545166	0.0161197	0.6440891	0.6578608	0.2375916	0.7846790	0.4687493	0.0713120	0.4455219	0.6116675	0.7270848	0.7988284	0.0735870	0.0007337	0.0400070	0.5127110	0.6815533	0.1682482	0.5923129	0.4858159	0.6376274	0.6470372	0.4423920	0.3803439	0.6521534	0.5876436
0.0073924	0.0184568	0.0225687	0.0635454	0.0427782	0.0230194	0.0102377	0.0119564	0.1377117	0.0041430	0.0466466	0.0670727	0.4039615	0.2805033	0.4258592	0.6183959	0.5730105	0.6930157	0.0627143	0.0123718	0.0655933	0.1525326	0.1607373	0.0451659	0.0817659	0.5415812	0.2391812	0.3027435	0.5636974	0.6211842	0.4026233	0.1619485	0.6111219	0.7230746	0.4704722	0.0008088	0.6394708	0.0125435	0.6553034	0.5255984	0.0023947	0.0795832	0.0233877	0.0832769	0.0512051	0.0000000	0.4353601	0.3719136	0.3876398	0.2885108	0.7322592	0.7062542	0.6032094	0.5264312	0.2071447	0.2308715	0.0052195	0.7283973	0.0166200	0.3307827	0.5506984	0.8813861	0.0000000	0.7752038	0.7147022	0.0558350	0.1374720	0.1083811	0.0001266	0.3549864	0.5376393	0.2866836	0.7734020	0.1349166	0.2197611	0.0231418	0.3505900	0.7072444	0.3368506	0.6968763	0.6958503	0.1490213	0.0101035	0.6354611	0.0131167	0.6935265	0.6127864	0.7230469	0.7177663	0.8522176	0.6482831	0.1178050	0.0657623	0.0228518	0.0120236	0.0004130	0.0498716	0.0825358	0.0377592	0.0887265
0.6705830	0.5714619	0.2802768	0.7069246	0.4300472	0.4119140	0.2800802	0.7030402	0.6335369	0.4128089	0.5953329	0.5355738	0.4806989	0.4996834	0.5454689	0.0000000	0.0913650	0.7911907	0.1722253	0.4224436	0.4309584	0.7870508	0.6674605	0.6462299	0.7474066	0.0496316	0.6568426	0.6899654	0.0495430	0.0477116	0.6759373	0.5227280	0.2166726	0.6397288	0.0230025	0.5944175	0.1204003	0.8234629	0.0274798	0.4979799	0.7710849	0.6694193	0.7360016	0.0390643	0.0480112	0.6152129	0.6848780	0.7300966	0.5580583	0.3074090	0.7079418	0.6474661	0.0953439	0.7057716	0.0000000	0.7054300	0.0004383	0.6054572	0.6628445	0.2029897	0.0006479	0.3675185	0.7650728	0.0823630	0.7663354	0.1704849	0.7329274	0.3720268	0.1070810	0.6443053	0.6085906	0.3035206	0.8118468	0.3808982	0.5028107	0.0762219	0.5201231	0.6247624	0.1883461	0.7689793	0.4317472	0.0806780	0.3661951	0.5777088	0.6410240	0.6275675	0.0433137	0.0022097	0.0522062	0.6925386	0.9205876	0.1029816	0.5795613	0.6073183	0.4558788	0.7473842	0.6356024	0.4761017	0.7059676	0.6782613
0.0068597	0.0179637	0.0488212	0.0917218	0.0224116	0.0196901	0.0075918	0.0046895	0.1631024	0.0077163	0.0416756	0.0511657	0.4065265	0.3816826	0.4194420	0.7079033	0.6656862	0.8445748	0.1442705	0.0477196	0.0715021	0.2288396	0.1219258	0.0838912	0.0465174	0.4637324	0.2468638	0.2221371	0.6381174	0.5316508	0.4189928	0.2029293	0.6896602	0.7541277	0.3892815	0.0003424	0.5944248	0.0190817	0.6396666	0.3310086	0.0009271	0.1053757	0.0199543	0.0524769	0.0363616	0.0000000	0.2957493	0.3404672	0.3355403	0.3717195	0.7290202	0.6975875	0.6373062	0.7292499	0.0000000	0.1856874	0.0008652	0.6835719	0.0197582	0.3382541	0.4734229	0.7064089	0.6984887	0.5330321	0.6214822	0.0510249	0.1775735	0.0779704	0.0034413	0.2156242	0.5291369	0.2916524	0.7238208	0.1159805	0.3133301	0.0616656	0.2631956	0.6531537	0.4455572	0.6582261	0.7083115	0.1801648	0.0209317	0.7109949	0.0133143	0.6725726	0.5592686	0.7017799	0.6740505	0.6199035	0.7421488	0.0890754	0.0498676	0.0044088	0.0144791	0.0009940	0.0987578	0.0590722	0.0301165	0.0480450
0.6292572	0.4338970	0.2642799	0.6687915	0.4267262	0.3622402	0.2189963	0.6278383	0.5798474	0.4171144	0.6583797	0.5675249	0.4804825	0.0808488	0.5721621	0.7115826	0.3782303	0.7396760	0.0774796	0.1281421	0.3823545	0.2276692	0.1058550	0.0374158	0.0777011	0.4573139	0.2602582	0.3717665	0.6470551	0.0283126	0.4539430	0.1754247	0.2099612	0.4822176	0.5647077	0.1942878	0.5716623	0.1044422	0.0283597	0.5357990	0.2974070	0.1181075	0.5512819	0.0356955	0.0176112	0.6839015	0.6614781	0.4467278	0.6669840	0.3413351	0.6207692	0.6876600	0.0736109	0.6610925	0.4117546	0.2489373	0.6492702	0.6603404	0.4980178	0.1668279	0.1938641	0.5786910	0.9289338	0.3501405	0.6177702	0.1765399	0.8258675	0.3996230	0.1016951	0.6974848	0.6424778	0.0714725	0.0940882	0.0843155	0.0720591	0.0434242	0.6194274	0.6801649	0.4178511	0.6190290	0.6086063	0.2719333	0.0000000	0.7225771	0.6894246	0.7131091	0.7259593	0.6803075	0.7885347	0.3370750	0.0000000	0.7508471	0.5858374	0.5488905	0.6659500	0.6665976	0.5439873	0.3996271	0.6706208	0.6937590
0.6418383	0.6255045	0.2835815	0.5953798	0.4578503	0.2796652	0.2386625	0.7163315	0.5176713	0.4571718	0.6714630	0.4491236	0.4260329	0.1311562	0.5819772	0.6804009	0.3839461	0.8734581	0.1028510	0.1280269	0.3613526	0.2126997	0.1388734	0.0629805	0.0524590	0.4130969	0.2672915	0.2912347	0.8046607	0.0576655	0.3780077	0.1586859	0.2400837	0.4948214	0.7112775	0.1647996	0.6886448	0.1514310	0.0119688	0.5424769	0.1800149	0.1129518	0.5726939	0.0738869	0.0229670	0.6333082	0.7197119	0.6644661	0.5607698	0.3723267	0.6822815	0.7141956	0.1187681	0.6475800	0.4280729	0.2103360	0.6094383	0.6253280	0.4574634	0.2577215	0.2833620	0.7140856	0.7680265	0.2662348	0.6807480	0.2444959	0.6178115	0.3912043	0.1388625	0.7452690	0.4675052	0.0442932	0.1039617	0.0583283	0.0701579	0.0512788	0.6172111	0.7128128	0.4253927	0.9052724	0.5459975	0.2047612	0.4857426	0.7947896	0.0000000	0.7835042	0.7647405	0.6819201	0.6641967	0.5045654	0.0000000	0.7141049	0.6102379	0.7161391	0.6502907	0.5946380	0.5076800	0.3563147	0.7014405	0.7734305
0.6756874	0.5056640	0.3552560	0.7179517	0.4654693	0.3344754	0.2428002	0.6434741	0.5434915	0.4760773	0.6241315	0.5283961	0.2621658	0.4327582	0.4738966	0.0000000	0.0702862	0.7100936	0.1835492	0.4063922	0.4290651	0.6371570	0.6914731	0.6511417	0.6408390	0.0543375	0.8040352	0.7048127	0.0722429	0.0269708	0.7277078	0.7159238	0.1569497	0.4757380	0.2961017	0.5640534	0.1024804	0.5747747	0.0334671	0.5689019	0.6306121	0.7244664	0.7410356	0.0304325	0.0711279	0.6217730	0.7056534	0.6601624	0.6482070	0.3023361	0.6019614	0.5124222	0.0988613	0.7095997	0.5777632	0.5821221	0.0009851	0.7320454	0.7576114	0.2786294	0.0018768	0.2830739	0.6181378	0.0946120	0.7158352	0.2160363	0.5965898	0.4831549	0.1330322	0.5848070	0.5627866	0.2899558	0.7834601	0.4769446	0.3700312	0.0619822	0.6515170	0.6689286	0.2630769	0.7425009	0.3822092	0.0812641	0.5333531	0.5492494	0.6544526	0.6276884	0.0589306	0.0064085	0.7181999	0.1865992	0.0000000	0.7384156	0.5933839	0.4648815	0.4766912	0.7833055	0.6005077	0.4717428	0.7702522	0.7253916
0.4861268	0.5093299	0.2998081	0.8181992	0.5307665	0.4443827	0.3075529	0.5787540	0.6358586	0.4785399	0.5863187	0.4535690	0.4833807	0.0957266	0.5778794	0.7033189	0.2891817	0.8443201	0.4657843	0.3334587	0.0000000	0.3100260	0.1293902	0.0401398	0.0493844	0.5400434	0.2647828	0.4118314	0.5888378	0.5916084	0.4967813	0.2214829	0.8863887	0.6335078	0.3911070	0.1764169	0.5720829	0.0950773	0.6396903	0.6248729	0.2744819	0.1809664	0.4687462	0.1346931	0.4351115	0.7668221	0.6332337	0.4074995	0.6788336	0.5078978	0.7469886	0.6734718	0.1503327	0.6365807	0.3805909	0.1873722	0.7463885	0.6753580	0.4448176	0.2188330	0.1666363	0.6838832	0.5239120	0.3214801	0.6984882	0.2628994	0.6652895	0.3386280	0.0990217	0.6530081	0.2403647	0.0546685	0.1085926	0.0475755	0.0647446	0.0000000	0.6629325	0.6405586	0.2359547	0.6225624	0.4270499	0.0468050	0.4696848	0.4624734	0.6024755	0.6613295	0.0716540	0.0014586	0.0794484	0.4944129	0.7314398	0.1072499	0.5919115	0.6362148	0.6226555	0.5879842	0.5610954	0.3103057	0.7344413	0.6408146
0.6096221	0.6114836	0.4750184	0.6124922	0.3418713	0.4992005	0.4315853	0.7693542	0.7880612	0.4446012	0.5965062	0.4071038	0.4064370	0.0905833	0.5425687	0.6738007	0.3357632	0.8586588	0.3898538	0.4176961	0.0000000	0.1641490	0.1096547	0.0396662	0.0439142	0.5292970	0.2479875	0.3490854	0.7440774	0.6611351	0.3939433	0.2299111	0.7227772	0.6222319	0.4902409	0.1647000	0.6885873	0.1412053	0.8987777	0.5651162	0.3412103	0.1445421	0.7424145	0.1346367	0.4205456	0.7765274	0.6852168	0.4064708	0.7588203	0.5345958	0.6901730	0.7635010	0.1593260	0.5857402	0.4930359	0.2083467	0.6379694	0.7805235	0.4545982	0.2308643	0.1965021	0.7887343	0.6560937	0.2933105	0.7500652	0.2338315	0.7437772	0.4269612	0.1461181	0.7260440	0.2104021	0.0736025	0.0978124	0.0842477	0.0296121	0.4647556	0.5374284	0.0000000	0.4207008	0.6469696	0.4782999	0.2455328	0.4463680	0.6579880	0.6876723	0.7761384	0.0927224	0.0071059	0.0646325	0.5120798	0.6849385	0.0810859	0.5329983	0.6241696	0.5481029	0.6702199	0.5432552	0.4051267	0.7401085	0.8123624
